<annotation>
	<folder>Dino Images</folder>
	<filename>Dino0103.jpg</filename>
	<path>/Users/Nuttapong/Desktop/Dino Images/Dino0103.jpg</path>
	<source>
		<database>Unknown</database>
	</source>
	<size>
		<width>300</width>
		<height>300</height>
		<depth>1</depth>
	</size>
	<segmented>0</segmented>
	<object>
		<name>Dino</name>
		<pose>Unspecified</pose>
		<truncated>0</truncated>
		<difficult>0</difficult>
		<bndbox>
			<xmin>37</xmin>
			<ymin>192</ymin>
			<xmax>81</xmax>
			<ymax>237</ymax>
		</bndbox>
	</object>
	<object>
		<name>Cactus</name>
		<pose>Unspecified</pose>
		<truncated>0</truncated>
		<difficult>0</difficult>
		<bndbox>
			<xmin>141</xmin>
			<ymin>202</ymin>
			<xmax>157</xmax>
			<ymax>239</ymax>
		</bndbox>
	</object>
</annotation>
