<annotation>
	<folder>Dino Images</folder>
	<filename>Dino0121.jpg</filename>
	<path>/Users/Nuttapong/Desktop/Dino Images/Dino0121.jpg</path>
	<source>
		<database>Unknown</database>
	</source>
	<size>
		<width>300</width>
		<height>300</height>
		<depth>1</depth>
	</size>
	<segmented>0</segmented>
	<object>
		<name>Dino</name>
		<pose>Unspecified</pose>
		<truncated>0</truncated>
		<difficult>0</difficult>
		<bndbox>
			<xmin>38</xmin>
			<ymin>181</ymin>
			<xmax>80</xmax>
			<ymax>226</ymax>
		</bndbox>
	</object>
	<object>
		<name>Cactus</name>
		<pose>Unspecified</pose>
		<truncated>0</truncated>
		<difficult>0</difficult>
		<bndbox>
			<xmin>125</xmin>
			<ymin>188</ymin>
			<xmax>177</xmax>
			<ymax>236</ymax>
		</bndbox>
	</object>
</annotation>
