<annotation>
	<folder>Dino Images</folder>
	<filename>Dino0079.jpg</filename>
	<path>/Users/Nuttapong/Desktop/Dino Images/Dino0079.jpg</path>
	<source>
		<database>Unknown</database>
	</source>
	<size>
		<width>300</width>
		<height>300</height>
		<depth>1</depth>
	</size>
	<segmented>0</segmented>
	<object>
		<name>Dino</name>
		<pose>Unspecified</pose>
		<truncated>0</truncated>
		<difficult>0</difficult>
		<bndbox>
			<xmin>38</xmin>
			<ymin>192</ymin>
			<xmax>81</xmax>
			<ymax>236</ymax>
		</bndbox>
	</object>
	<object>
		<name>Cactus</name>
		<pose>Unspecified</pose>
		<truncated>0</truncated>
		<difficult>0</difficult>
		<bndbox>
			<xmin>133</xmin>
			<ymin>187</ymin>
			<xmax>186</xmax>
			<ymax>235</ymax>
		</bndbox>
	</object>
</annotation>
