<annotation>
	<folder>Dino Images</folder>
	<filename>Dino0062.jpg</filename>
	<path>/Users/Nuttapong/Desktop/Dino Images/Dino0062.jpg</path>
	<source>
		<database>Unknown</database>
	</source>
	<size>
		<width>300</width>
		<height>300</height>
		<depth>1</depth>
	</size>
	<segmented>0</segmented>
	<object>
		<name>Dino</name>
		<pose>Unspecified</pose>
		<truncated>0</truncated>
		<difficult>0</difficult>
		<bndbox>
			<xmin>37</xmin>
			<ymin>161</ymin>
			<xmax>80</xmax>
			<ymax>207</ymax>
		</bndbox>
	</object>
	<object>
		<name>Cactus</name>
		<pose>Unspecified</pose>
		<truncated>0</truncated>
		<difficult>0</difficult>
		<bndbox>
			<xmin>110</xmin>
			<ymin>202</ymin>
			<xmax>126</xmax>
			<ymax>235</ymax>
		</bndbox>
	</object>
</annotation>
