<annotation>
	<folder>Dino Images</folder>
	<filename>Dino0109.jpg</filename>
	<path>/Users/Nuttapong/Desktop/Dino Images/Dino0109.jpg</path>
	<source>
		<database>Unknown</database>
	</source>
	<size>
		<width>300</width>
		<height>300</height>
		<depth>1</depth>
	</size>
	<segmented>0</segmented>
	<object>
		<name>Dino</name>
		<pose>Unspecified</pose>
		<truncated>0</truncated>
		<difficult>0</difficult>
		<bndbox>
			<xmin>38</xmin>
			<ymin>152</ymin>
			<xmax>80</xmax>
			<ymax>197</ymax>
		</bndbox>
	</object>
	<object>
		<name>Cactus</name>
		<pose>Unspecified</pose>
		<truncated>0</truncated>
		<difficult>0</difficult>
		<bndbox>
			<xmin>145</xmin>
			<ymin>188</ymin>
			<xmax>221</xmax>
			<ymax>235</ymax>
		</bndbox>
	</object>
</annotation>
